id,url,status,redirect_url,is_domain_for_sale,is_domain_expired,is_domain_parking,is_domain_managed,is_seo_spam,is_admin_panel
743768,http://.akabou.ne.jp/marufuku,404,,False,False,False,False,False,False
187444,http://.729.co.jp/index.html,200,http://729.co.jp/index.html,False,False,False,False,False,False
3959941,http://.dam-dan.co.jp/index.html,200,http://dam-dan.co.jp/index.html,False,False,False,False,False,False
3576397,http://.iwanokanagata.co.jp/,200,http://iwanokanagata.co.jp/,False,False,False,False,False,False
137668,http://.odn.ne.jp,200,https://odn.ne.jp/,False,False,False,False,False,True
4101544,http://.odn.ne.jp/~hai00030/index.html,200,https://odn.ne.jp/index.html?para=nf,False,False,False,False,False,True
1253631,http://.plala.or.jp/east-c/,404,,False,False,False,False,False,False
142583,http://.plala.or.jp/ebisu-plan/index.html,404,,False,False,False,False,False,False
1161970,http://.plala.or.jp/eisekkei/,404,,False,False,False,False,False,False
4479079,http://.plala.or.jp/FBK/,404,,False,False,False,False,False,False
3526888,http://.plala.or.jp/kaigo-dash/,404,,False,False,False,False,False,False
2006292,http://.smileurayasu.com,200,http://smileurayasu.com,False,False,False,False,False,False
2310897,http://.sobikogyo.com/home,404,,False,False,False,False,False,False
12952,http://.plala.or.jp/ko-ku/index.html,404,,False,False,False,False,False,False
2422293,http://.plala.or.jp/kohda-kensetu/index.html,404,,False,False,False,False,False,False
1757940,http://.plala.or.jp/LS-kaigo/vnst-sakura.html,404,,False,False,False,False,False,False
2937681,http://.plala.or.jp/maido-yoshioka/index.html,404,,False,False,False,False,False,False
411980,http://0-10.co.jp,200,,False,False,False,False,False,False
3519019,http://.plala.or.jp/nagatatatu/index.html,404,,False,False,False,False,False,False
2158331,http://0024.co.jp,200,,False,False,False,False,False,False
3532348,http://0051.co.jp/,200,,False,False,False,False,False,False
4459280,http://.plala.or.jp/oomorihousing/,404,,False,False,False,False,False,False
2678333,http://0-en.net,200,https://www.0-en.net/,False,False,True,False,True,False
1762919,http://.plala.or.jp/pl-umeda/index.html,404,,False,False,False,False,False,False
2871404,http://0007.co.jp/,200,https://www.0007.co.jp/,False,False,True,False,False,False
4409673,http://0039.jp/,200,,False,False,True,False,True,False
3662711,http://.plala.or.jp/shinjuku/aj/main.html,404,,False,False,False,False,False,False
5340599,http://0109g.com/,200,,False,False,False,False,False,False
487817,http://0101net.jp,200,,False,False,False,False,False,False
1289836,http://01-office.co.jp/index.html,200,https://01-office.co.jp/index.html,False,False,False,False,False,False
898795,http://0030.jp,200,https://0030.jp/,False,False,False,False,False,False
3055145,http://.plala.or.jp/simada_kensetu/,404,,False,False,False,False,False,False
4158161,http://01maruichi.co.jp/,200,,False,False,False,False,False,False
4063346,http://01farm.com,200,,False,False,False,False,False,False
2788304,http://.plala.or.jp/superojacky1974,404,,False,False,False,False,False,False
1296738,http://.plala.or.jp/toyokoh/index.html,404,,False,False,False,False,False,False
1545497,http://01uniform.jp/,403,,False,False,False,False,False,False
1806553,http://0172.jp/,200,https://0172.co.jp,False,False,False,False,False,False
4062836,http://01degree.jp,200,https://01degree.jp/,False,False,True,False,False,False
2333131,http://00works.asia/,200,https://www.00works.asia/,False,False,False,False,False,False
2977096,http://0216.co.jp/index.html,200,,False,False,False,False,False,False
1161585,http://0244445000.jp/?FrontPage,200,,False,False,False,False,False,False
2238909,http://02po.com,200,,False,False,False,True,False,False
5285341,http://0271.jp/,200,,False,False,False,False,False,False
3224151,http://01okada.co.jp/,200,,False,False,False,False,False,False
1884682,http://01fuji.jp,200,https://01fuji.jp/,False,False,True,False,False,False
1347004,http://0291.jp,200,,False,False,True,False,False,False
3277844,http://023.co.jp/,200,,False,False,True,False,False,False
1069608,http://026968.com/,200,https://026968.com/,False,False,False,False,False,False
1012909,http://024gamo.co.jp/,200,https://gamo-ouest.co.jp/,False,False,True,False,False,False
5219240,http://0321.jp,403,,False,False,False,False,False,False
2459746,http://0210.com/,200,https://www.0210.com/,False,False,True,False,True,False
889280,http://0542500222.co.jp,200,,False,False,False,False,False,False
2034710,http://0529383799.com/,200,https://0529383799.com/,False,False,False,False,False,False
2193521,http://0764320110.jp,200,,False,False,False,False,False,False
1724562,http://06d.jp/,200,,False,False,False,False,False,False
4243715,http://0843.co.jp/senrihanbai/,404,,False,False,False,False,False,False
4211574,http://0508.co.jp/,200,https://0508.co.jp/,False,False,False,False,False,False
5350991,http://081128.jp/,200,,False,False,False,False,False,False
2595257,http://0721-dct.com/,200,,False,False,False,False,False,False
383959,http://0861.jp,200,,False,False,False,False,False,False
2825355,http://0845.boo.jp/tomiyoshi/,200,,False,False,False,False,False,False
4648124,http://0681.jp,200,https://0681.jp/,False,False,False,False,False,False
5282684,http://09446.jp,200,,False,False,False,False,False,False
2062507,http://0799.jp,200,https://www.0799.jp/,False,False,True,False,True,False
3259960,http://0845.boo.jp/hassaku/,200,https://0845.boo.jp/hassaku/,False,False,True,False,False,False
3137047,http://0873.jp/,200,,False,False,False,False,False,False
819394,http://0298-328.com,200,https://www.0298-328.com/,False,False,False,False,False,False
5130693,http://0986221000.com?,200,http://0986221000.com,False,False,False,False,False,False
465194,http://0977663211.com,200,https://0977663211.com/,False,False,True,False,False,False
2905295,http://08works.jp,200,https://www.08works.jp/,False,False,False,False,False,False
1058133,http://0854.jp/,200,https://0854.jp/,False,False,True,False,True,False
3357879,http://0cb2j1017292v8p.wix.com/yaginuma-kensetu,404,,False,False,False,False,False,False
332392,http://1-10.com,200,https://www.1-10.com/,False,False,False,False,False,False
1067031,http://0top.jp/,200,https://0top.jp/,False,False,False,False,False,False
4702850,http://0cean.jp/,200,https://0cean.jp/,False,False,False,False,False,False
2246679,http://1-percent.co.jp/contact.html,404,,False,False,False,False,False,False
2322318,http://087.com,200,https://www.087.com:443/,False,False,True,False,True,False
3361284,http://1-haraki.com/,200,,False,False,False,False,False,False
1102280,http://1-as-1.com/,200,https://www.1-as-1.com/,False,False,True,False,True,False
1427778,http://1.onoknife.com/top.htm,200,https://onoknife.com/,False,False,False,False,False,False
849306,http://1-building.co.jp,200,https://1-building.co.jp/,False,False,False,False,False,False
1526536,http://1-world.co.jp/,200,https://1-world.co.jp/,False,False,False,False,False,False
5041077,http://09su.com,200,https://09su.com/wp/,False,False,True,False,False,False
1695851,http://1-ino.co.jp,200,https://www.1-ino.co.jp/,False,False,False,False,False,False
2467495,http://10-12.jp/index.html,200,,False,False,False,False,False,False
4083925,http://1-zeroone.co.jp/index.html,200,https://1-zeroone.co.jp/index.html,False,False,False,False,False,False
2569747,http://1-maru.co.jp,200,https://www.1-maru.co.jp/,False,False,True,False,False,False
4656554,http://1-zeroone.co.jp/yunrinbou/index.html,200,https://1-zeroone.co.jp/yunrinbou/index.html,False,False,False,False,False,False
4849376,http://10-tec.com/,200,https://juso-tec.com/,False,False,False,False,False,False
4569647,http://10-2.co.jp,200,https://www.10-2.co.jp/,False,False,True,False,True,False
5302582,http://1000jin.jp/index.htm,404,,False,False,False,False,False,False
1784342,http://100.or.jp/,200,,False,False,True,False,False,False
5233853,http://100-nenhonpo.com/,200,,False,False,True,False,False,False
5343459,http://1000nensha.co.jp/,200,,False,False,False,False,False,False
2929557,http://1000show.jp,200,,False,False,False,False,False,False
2405799,http://1009.co.jp/index.html,200,,False,False,False,False,False,False
3075108,http://1000leavesdining.jimdo.com/,404,,False,False,False,False,False,False
1142251,http://1000000v.jp,200,https://1000000v.jp/,False,False,True,False,False,False
4004293,http://100shiki.co.jp,200,,False,False,False,False,False,False
576356,http://1000s.com,200,https://1000s.com/,False,False,False,False,False,False
35917,http://100kouso.com/,200,,False,False,True,False,False,False
3515278,http://100bancan.wixsite.com,404,,False,False,False,False,False,False
921517,http://100manboshi.com/,200,,False,False,False,False,False,False
1457317,http://100a.jp/,403,,False,False,False,False,False,False
4114806,http://100kannon.com/,200,https://100kannon.com/,False,False,False,False,False,False
664822,http://1010.co.jp,200,,False,False,False,False,False,False
4659271,http://103-yama.jp,200,,False,False,False,False,False,False
5130696,http://104.com/name_0986370637/,404,,False,False,False,False,False,False
1288561,http://100ltd.jp,200,http://www.100ltd.jp/,False,False,True,False,True,False
1218414,http://1010kanekyu.com/index.html,404,,False,False,False,False,False,False
412127,http://10club.jp,200,,False,False,False,False,False,False
642437,http://109chan.com/,200,,False,False,False,False,False,False
1999124,http://100ninriki.co.jp/,200,https://100ninriki.co.jp/staffing/,False,False,False,False,False,False
3247472,http://10ka.net,200,,False,False,False,False,False,False
2646243,http://1059.hp.peraichi.com,200,https://1059.hp.peraichi.com/,False,False,False,False,False,False
1722825,http://105.co.jp/,200,https://105.co.jp/,False,False,False,False,False,False
5274695,http://10330.jp,200,https://10330.jp/,False,False,False,False,False,False
2759336,http://10omusubi20.starfree.jp/,200,,False,False,False,False,False,False
2336723,http://11-eye.com/,200,,False,False,False,False,False,False
4157098,http://10ken.jp,200,,False,False,False,False,False,False
5386295,http://10ai-konan.jp/,200,https://10ai-konan.jp/,False,False,True,False,True,False
3307015,http://1105.co.jp/,200,,False,False,False,False,False,False
4165025,http://1129maruichi.co.jp/,200,,False,False,False,False,False,False
3904529,http://10po.jp,200,https://10po.jp/,False,False,False,False,False,False
2476154,http://117nishiken.com/,200,,False,False,False,False,False,False
5315464,http://10kkoku.com/,200,https://10kkoku.com/,False,False,False,False,False,False
1674502,http://114-daiiti.ac.jp,200,,False,False,False,False,False,False
3268911,http://1129.co.jp,200,,False,False,True,False,False,False
1248891,http://1188.co.jp,200,,False,False,False,False,False,False
770969,http://118118.co.jp,200,https://118118.co.jp/,False,False,False,False,False,False
3955547,http://111unit.co.jp,200,http://www.111unit.co.jp/,False,False,False,False,False,False
1843216,http://1186.co.jp/,200,,False,False,False,False,False,False
2114456,http://11543.info/,200,https://11543.info/,False,False,True,False,True,False
1707838,http://1188-garden.co.jp/,200,https://1188-garden.co.jp/,False,False,False,False,False,False
2470813,http://11toshi.co.jp,403,,False,False,False,False,False,False
1092864,http://1198.jp,200,https://isystem1198.jp/,False,False,False,False,False,False
115308,http://12-12.jp/,200,,False,False,False,False,False,False
392764,http://11sakujin.wix.com/momotsujiss,404,,False,False,False,False,False,False
1950973,http://118mikuriya.co.jp/seika/,200,https://118mikuriya.co.jp,False,False,False,False,False,False
4661743,http://11874.jp,200,https://11874.jp/,False,False,False,False,False,False
3114078,http://12-recycle.com,200,,False,False,False,False,False,False
4719379,http://130.co.jp,200,,False,False,False,False,False,False
3555486,http://123wb.jp/,200,,False,False,False,False,False,False
2659899,http://138jigyodan.jp/wordpress/,200,,False,False,False,False,False,False
4511608,http://1341.jp,200,,False,False,False,False,False,False
37228,http://119suehiro.co.jp,200,http://www.119suehiro.co.jp/,False,False,False,False,False,False
2466121,http://1313.jp/,200,http://www.1313.jp/,False,False,True,False,False,False
3071271,http://14000koyu.co.jp/,200,,False,False,False,False,False,False
2808490,http://132base.jp,200,https://132base.jp/,False,False,False,False,False,False
4536121,http://125.jp/,200,https://125.jp/,False,False,False,False,False,False
3454299,http://150.60.12.169/index.html,200,,False,False,False,False,False,False
1711363,http://1420053c.hpbegin.jp/,403,,False,False,False,False,False,False
1386869,http://14510.com/,200,https://14510.com/,False,False,True,False,False,False
217170,http://1611mp.jp,200,,False,False,True,False,False,False
4802518,http://140-041.co.jp/,200,https://140-041.co.jp/,False,False,True,False,True,False
2846822,http://15ichigo.jp,500,,False,False,False,False,False,False
3856173,http://127.co.jp/,200,https://www.subaru-net.com/sokkai/,False,False,True,False,True,False
570577,http://16a.jp/,200,,False,False,False,False,False,False
3181118,http://1682.jp,200,,False,False,False,False,False,False
4532767,http://1771.jp,403,,False,False,False,False,False,False
1868878,http://16lab.net/,200,,False,False,False,False,False,False
4734513,http://1800.co.jp/,200,,False,False,False,False,False,False
2295094,http://1717sakura.com,200,,False,False,True,False,False,False
31354,http://184-energy.com/,200,,False,False,False,False,False,False
238303,http://15car.jp/,200,https://nichigocar.com/,False,False,False,False,False,False
1360683,http://17ya.co.jp/,200,,False,False,True,False,True,False
302316,http://1898.jp,200,http://www.1898.jp/,False,False,False,False,False,False
1816337,http://1964takeda.jp/index.html,200,,False,False,False,False,False,False
1560915,http://1946mitsuboshi.co.jp,200,,False,False,False,False,False,False
3467021,http://1950nakamura.co.jp/frame.html,200,http://1950nakamura.co.jp/,False,False,False,False,False,False
1473610,http://1930.co.jp/,200,,False,False,True,False,True,False
527103,http://1974mg6.wixsite.com/nijino84,200,https://1974mg6.wixsite.com:443/nijino84,False,False,False,False,False,False
1542819,http://198298.com/,200,,False,False,False,False,False,False
2429232,http://1and-only.com/,403,,False,False,False,False,False,False
2268006,http://1com.co.jp/,200,,False,False,False,False,False,False
4510332,http://1999group.com/,404,,False,False,False,False,False,False
3312966,http://1ba.bz,200,,False,False,False,False,False,False
2446096,http://1day-shaken.com/index.html,200,,False,False,False,False,False,False
2446453,http://1957yamasan.com/,200,https://www.1957yamasan.com/,False,False,True,False,False,False
262621,http://1alpha.co.jp,200,https://www.1alpha.co.jp/,False,False,True,False,False,False
4819095,http://1giken.co.jp,200,,False,False,False,False,False,False
1294239,http://1c-c.jp/,200,https://1c-c.jp/,False,False,False,False,False,False
348375,http://1faceup.co.jp,200,,False,False,False,False,False,False
1304438,http://1fuku.jp/business,404,,False,False,False,False,False,False
5334803,http://1excellence.com/,200,,False,False,False,False,False,False
4500363,http://1just-monthly.com/,200,,False,False,False,False,False,False
5133141,http://1k-kai.com/,200,,False,False,False,False,False,False
1541459,http://1home.co.jp,200,,False,False,False,False,False,False
155573,http://1brocade.com/,200,https://1brocade.com/,False,False,False,False,False,False
4433902,http://1ichikawa.com/,200,,False,False,False,False,False,False
4672629,http://1office.jp,200,,False,False,False,False,False,False
740647,http://1kc.jp,200,,False,False,False,False,False,False
2330162,http://1omotesando.com/index.html,200,,False,False,False,False,False,False
28578,http://1day.co.jp,200,http://www.1day.co.jp/,False,False,True,False,False,False
3165074,http://1mental-clinic.com/,200,,False,False,True,False,True,False
4358953,http://1mikoshi.co.jp,200,,False,False,False,False,False,False
3456683,http://1pg.co.jp/index.html,200,,False,False,False,False,False,False
644994,http://1st-class.co.jp/index.html,404,,False,False,False,False,False,False
790966,http://1pac.jp/,200,https://1pac.jp/ja/,False,False,False,False,False,False
2597690,http://1st-1.co.jp/,200,,False,False,False,False,False,False
3091200,http://1rodori.co.jp,200,https://1rodori.co.jp/,False,False,False,False,False,False
4487672,http://1rinnohana.com,200,https://1rinnohana.com/72933/,False,False,False,False,False,False
3100383,http://1plus-design.com/,200,,False,False,True,False,False,False
4465939,http://1nterlink.co.jp/,200,https://www.1nterlink.co.jp/,False,False,True,False,True,False
3519115,http://1kou.com/index.php,200,https://www.1kou.com/,False,False,False,False,False,False
5089008,http://1st-solution.jp,200,,False,False,True,False,False,False
570001,http://1st-kiwa.com/,200,https://1st-kiwa.com/,False,False,False,False,False,False
4125711,http://1st-plan.co.jp,200,,False,False,False,False,False,False
4520205,http://1stinvestors.jp,200,,False,False,False,False,False,False
763206,http://1stjapan.co.jp,200,,False,False,False,False,False,False
5245149,http://1soyokaze.sakura.ne.jp?,200,https://www.soyokaze.site/,False,False,False,False,False,False
1223570,http://1ststep.co.jp/,200,,False,False,False,False,False,False
1828170,http://1st-star.jp,200,http://www.1st-star.jp/,False,False,False,False,False,False
236459,http://1st-impact.jp,200,https://1st-impact.jp/,False,False,False,False,False,False
2733913,http://1riki.jp,200,https://1riki.jp/,False,False,False,False,False,False
634128,http://1st-life.net,200,https://www.1st-life.net/,False,False,True,False,False,False
2674197,http://1taro.jp?,200,http://1taro.jp,False,False,False,False,False,False
5093356,http://1taro.jp/hotomeki/,200,,False,False,False,False,False,False
1464058,http://1tokai.jp/,200,,False,False,False,False,False,False
3592754,http://2-5-d.jp,403,,False,False,False,False,False,False
1374754,http://1zakka.com/,200,,False,False,False,False,False,False
4816162,http://2-1.jp,200,,False,False,False,False,False,False
4072043,http://2-21.jp,200,,False,False,False,False,False,False
3041676,http://1stdoor.jp,200,http://firstdoor.co.jp/,False,False,False,False,False,False
5265972,http://1taro.jp/sushi/,200,,False,False,False,False,False,False
1258195,http://1to1.co.jp,200,http://www.1to1.co.jp/,False,False,False,False,False,False
1030396,http://2-click.jp/,200,,False,False,False,False,False,False
4219409,http://2013ys-eng.co.jp,200,,False,False,False,False,False,False
5336846,http://2011.co.jp,200,,False,False,False,False,False,False
3059151,http://2-gym.com,503,,False,False,False,False,False,False
1252976,http://201komae.com/,200,https://201komae.com/,False,False,False,True,False,False
3463722,http://2015ripple.com/,200,https://www.2015ripple.com/,False,False,True,False,True,False
1356449,http://2-stage.net/,200,https://2-stage.net/,False,False,False,False,False,False
3775734,http://2016trust.co.jp,200,http://www.2016trust.co.jp/,False,False,False,False,False,False
69754,http://202002021837458893357.onamaeweb.jp,200,,False,False,False,False,False,False
3140182,http://1st.geocities.jp/wpsekinewosagase/index.html,200,https://thanks.yahoo.co.jp,False,False,False,False,False,False
754587,http://21-koyodo.co.jp/,200,,False,False,False,False,False,False
2766361,http://21-pub.co.jp/,200,,False,False,False,False,False,False
1393893,http://1st.geocities.jp/axiz_mura,200,https://thanks.yahoo.co.jp,False,False,False,False,False,False
2201979,http://1st.geocities.jp/minouakane/,200,https://thanks.yahoo.co.jp,False,False,False,False,False,False
2232981,http://2121.co.jp,200,,False,False,False,False,False,False
2320770,http://2004bts.com/,200,https://www.2004bts.com/,False,False,True,False,False,False
2324736,http://2005west.com/,200,http://ww38.2005west.com/,False,False,False,False,False,False
506590,http://2103hakase.com,200,https://2103hakase.com/,False,False,True,False,True,False
2942023,http://210denko.co.jp/index.html,404,,False,False,False,False,False,False
1664399,http://21foundation.com/,200,https://21foundation.com/,False,False,False,True,False,False
127103,http://21auto.co.jp,200,,False,False,False,False,False,False
2993431,http://2103pro.jp,200,http://www.2103pro.jp/,True,False,True,False,False,False
5318481,http://2147623433263663678622290.vpweb.jp/,200,https://www.vistaprint.jp,False,False,False,False,False,False
2084692,http://221ent.com/,200,,False,False,True,False,False,False
2311488,http://21two-one.co.jp/index.html,404,,False,False,False,False,False,False
1252923,http://2340.co.jp/index.html,200,,False,False,False,False,False,False
1060112,http://21lady.com/,200,https://hirotaghd.com/,False,False,True,False,False,False
5182153,http://222cats-callaxis.com/,200,,False,False,True,False,False,False
91708,http://2-s.co.jp,200,,False,False,False,False,False,False
4383915,http://2103117.com,200,https://www.2103117.com/,False,False,True,False,True,False
3325483,http://21seikiplan.co.jp,200,https://www.21seikiplan.co.jp/,False,False,False,False,False,False
2335752,http://23neko.com/,200,,False,False,False,False,False,False
1523125,http://2383utsumi.co.jp,200,,False,False,False,False,False,False
5284425,http://24-city.com/,200,,False,False,False,False,False,False
1557811,http://23607.p-world.jp,200,https://www.p-world.co.jp/error/index.html,False,False,False,False,False,False
5227237,http://2453.jp,200,,False,False,False,False,False,False
879174,http://2468.co.jp,200,,False,False,False,False,False,False
2088896,http://247hat.com/,200,,False,False,False,False,False,False
3174734,http://24system.tire.jp/,200,,False,False,False,False,False,False
5359358,http://24-tax.com,200,https://24-tax.com/,False,False,False,False,False,False
3400515,http://2525.main.jp/,200,,False,False,False,False,False,False
227430,http://24expo-japan.com,200,,False,False,False,False,False,False
2375557,http://2501.world/,200,,False,False,False,False,False,False
123477,http://252.co.jp/,200,,False,False,False,False,False,False
3854784,http://22biken.jp,200,https://www.22biken.jp/,False,False,True,False,False,False
2859317,http://2489.co.jp/,200,https://2489.co.jp/,False,False,False,False,False,False
5345917,http://24sougi.com/,200,https://24sougi.com/,False,False,True,False,True,False
497959,http://2528.co.jp,200,,False,False,False,False,False,False
5281456,http://256graph.com/,200,,False,False,False,False,False,False
4917505,http://2525smilehouse.web.fc2.com,200,,False,False,False,False,False,False
44144,http://25kaneko.com/,200,,False,False,False,False,False,False
3628948,http://24-kenken.com/,503,,False,False,False,False,False,False
3460132,http://2525smile.co.jp,200,,False,False,False,False,False,False
3556046,http://2525kids.org/,403,,False,False,False,False,False,False
4590746,http://2525kaigo.com/,200,https://2525kaigo.com/,False,False,False,False,False,False
3301929,http://24de.jp/,200,https://www.24de.jp/,False,False,True,False,True,False
2798266,http://2525re.com/,200,https://2525re.com/,False,False,True,False,False,False
4624601,http://255255255.com,200,https://255255255.com/,False,False,False,False,False,False
2190437,http://2670.co.jp,200,,False,False,False,False,False,False
238310,http://25setubi.co.jp,200,http://nikkoo.jp/,False,False,False,False,False,False
4158134,http://2828.co.jp/,200,,False,False,True,False,False,False
4069655,http://28inc.co.jp/,200,,False,False,True,False,True,False
1427424,http://2777.jp/,200,,False,False,True,False,False,False
4770844,http://283limes.com/,200,,False,False,False,False,False,False
5289682,http://27g.jp/sapporo/,200,,False,False,False,False,False,False
5275702,http://281119.com/,200,https://281119.com/,False,False,False,False,False,False
5206404,http://2930.jp?,200,http://2930.jp,False,False,False,False,False,False
5338418,http://294dc.jp,200,,False,False,False,False,False,False
3160125,http://2942525.com,200,,False,False,False,False,False,False
687338,http://28083.jp/,200,http://www.28083.jp/,False,False,True,False,False,False
4648303,http://283.co.jp,200,http://www.283.co.jp/,False,False,False,False,False,False
1507838,http://27complete.jp/company/,200,https://27complete.jp/company/,False,False,True,False,False,False
3556063,http://298bussan.com,200,,False,False,False,False,False,False
1770359,http://2626.co.jp,200,https://www.2626.co.jp/,False,False,True,False,True,False
5388246,http://296186-kodomo.d.dooo.jp/,200,,False,False,True,False,False,False
562781,http://2710.co.jp/,200,https://2710.co.jp/,False,False,True,False,True,False
5114249,http://2983.info,200,,False,False,False,False,False,False
2527763,http://28net.com/,200,https://28net.com/,False,False,True,False,False,False
219181,http://298sweets.co-site.jp/,200,,False,False,False,False,False,False
4728746,http://2in1-lumiere.jp,200,,False,False,False,False,False,False
3866595,http://2house.jp,200,,False,False,False,False,False,False
5013175,http://29kichi.com,200,,False,False,True,False,False,False
1186079,http://2dfire.co.jp,200,,False,False,False,False,False,False
612443,http://2cre.net,200,,False,False,False,False,False,False
5263273,http://2nd-kasukabe.jp/,200,,False,False,False,False,False,False
2843380,http://2nd-hand.main.jp,200,http://2nd-hand.main.jp/sh/,False,False,True,False,False,False
3555516,http://2dfacto.co.jp,200,https://www.2dfacto.co.jp/,False,False,False,False,False,False
4969753,http://2peace.org,200,,False,False,False,False,False,False
1568163,http://29kusunoki.com/,200,https://29kusunoki.com/,False,False,True,False,False,False
3631469,http://2cycle.co.jp,200,https://www.2cycle.co.jp/,False,False,False,False,False,False
4925882,http://29nakano.co.jp,200,https://www.29nakano.co.jp/,False,False,False,False,False,False
1796449,http://2ndstaff.com,200,https://2ndstaff.com/,False,False,False,False,False,False
4282575,http://29japan.co.jp/,200,https://29japan.co.jp/,False,False,True,False,False,False
3066781,http://2raku.com/okado,200,,False,False,False,False,False,False
1430610,http://2ndroom.jp,200,https://2ndroom.jp/,False,False,True,False,False,False
1696363,http://2910.co.jp/,200,https://2910.co.jp/,False,False,True,False,False,False
2981023,http://2ws.co.jp,200,,False,False,False,False,False,False
2935366,http://3-606.co.jp/index.html,200,,False,False,False,False,False,False
2296622,http://2nen3kumi.com/,200,http://www.2nen3kumi.com/,False,False,False,False,False,False
5282036,http://2yd.jp/,200,,False,False,True,False,True,False
4109074,http://2co.co.jp,200,https://www.2co.co.jp/,False,False,False,False,False,False
2904986,http://2win.jp,200,http://www.2win.jp/,False,False,False,False,False,False
244207,http://2ti.jp,200,https://www.profice.jp/top/profice.htm,False,False,True,False,True,False
3500649,http://3-community.com/index.html,404,,False,False,False,False,False,False
5129259,http://2youmag.com/transace/,200,,False,False,False,False,False,False
3289295,http://2u-corp.com/,200,https://2u-corp.com/,False,False,False,False,False,False
2792541,http://3-mmm.com,200,,False,False,False,False,False,False
1226444,http://3-ken.com/index.html,200,,False,False,False,False,False,False
5003619,http://3-well.com/,200,,False,False,False,False,False,False
4065116,http://3-t.co.jp/,200,,False,False,False,False,False,False
614004,http://3-good.co.jp/,200,https://club3.hozen.co.jp/wp-login.php,False,False,False,False,False,True
2328884,http://3-t.jp/,200,,False,False,False,False,False,False
138878,http://3-ki.co.jp,200,https://www.3-ki.co.jp/,False,False,False,False,False,False
1449170,http://3-rebuild.com/company01/history.html,200,https://3-rebuild.com/company01/history.html,False,False,True,False,False,False
3226922,http://3-flower.jp/,200,https://3-flower.jp/,False,False,False,False,False,False
2238220,http://3-d.co.jp,200,https://www.3-d.co.jp/,False,False,False,False,False,False
93167,http://310-car.co.jp,200,,False,False,False,False,False,False
1823024,http://303books.jp/,200,https://303books.jp/,False,False,True,False,True,False
4977750,http://300bou.net?,200,http://300bou.net,False,False,False,False,False,False
1255848,http://313.co.jp,200,,False,False,False,False,False,False
3173924,http://3110-r.co.jp/,200,,False,False,False,False,False,False
4617861,http://30f.jp,200,https://30f.jp/,False,False,False,False,False,False
3481504,http://3-j.jp,200,https://3-j.jp/,False,False,True,False,False,False
1631854,http://31colors.jp,200,,False,False,False,False,False,False
5297007,http://3254s.com/index.html,200,,False,False,False,False,False,False
3052309,http://32103.co.jp,200,https://32103.co.jp/,False,False,False,False,False,False
2315816,http://301.co.jp/,200,https://www.301.co.jp/,False,False,True,False,False,False
3815806,http://3110saito.co.jp,200,https://3110saito.co.jp/,False,False,True,False,False,False
4457080,http://3213.jp/,200,,False,False,False,False,False,False
1225804,http://328mitsuwa.co.jp,200,,False,False,False,False,False,False
4550154,http://321836.com/,200,https://321836.com/,False,False,True,False,False,False
2946638,http://33-8080.co.jp/index.html,200,,False,False,True,False,False,False
4410535,http://3310.co.jp,200,,False,False,False,False,False,False
2218933,http://3282103.com,200,https://3282103.com/,False,False,False,False,False,False
4869661,http://3309s.com,200,https://3309s.com/,False,False,False,False,False,False
535608,http://33kai.com/,200,,False,False,True,False,False,False
3892494,http://325yamaguchi.com/company.html?,404,,False,False,False,False,False,False
3300322,http://34-d.jp,200,,False,False,False,False,False,False
2371318,http://333.ne.jp/index.html,404,,False,False,False,False,False,False
2428631,http://359ch.jp,200,,False,False,False,False,False,False
5076849,http://354-4188.com,200,,False,False,False,False,False,False
864106,http://344ltd.co.jp,200,,False,False,False,False,False,False
5212558,http://344.ne.jp/,200,https://344.ne.jp/,False,False,True,False,False,False
2388894,http://3387clinic.com?,200,https://www.3387clinic.com/,False,False,True,False,False,False
105408,http://32lime.com/,200,https://32lime.com/,False,False,True,False,False,False
4546374,http://359groupjapan.com/index.html,200,https://359groupjapan.com/index.html,False,False,False,False,False,False
4617680,http://35kanto.co.jp/,200,https://35kanto.co.jp/,False,False,False,False,False,False
2292307,http://36d.jp,403,,False,False,False,False,False,False
1077557,http://360channel.jp,200,,False,False,True,False,False,False
2791939,http://35summers.com/,200,https://35summers.com:443/,False,False,False,False,False,False
3956460,http://3710.net/,200,,False,False,False,False,False,False
1668079,http://369plus.com/index.html,200,https://369plus.com/index.html,False,False,False,False,False,False
4680981,http://360-vr.jp,200,https://360-vr.jp/,False,False,False,False,False,False
5287904,http://3500color.com,200,https://seibundo-stationery.com,False,False,True,False,True,False
3464274,http://369order.com/,200,https://369order.com/,False,False,True,False,False,False
3113417,http://365life-realestate.com/,200,https://365life-realestate.com/,False,False,True,False,True,False
4459900,http://3750-2300.com/index.html,200,,False,False,False,False,False,False
5298269,http://37kaiketu.com,200,,False,False,True,False,False,False
558611,http://373cfp.co.jp,200,,False,False,False,False,False,False
3586976,http://37201606.com/,200,,False,False,True,False,True,False
4837936,http://3810.co.jp/,200,,False,False,False,False,False,False
1637710,http://373news.com,200,,False,False,True,False,True,False
4034593,http://373-8.com?,403,,False,False,False,False,False,False
5325602,http://38ps.jp/,200,,False,False,False,False,False,False
35769,http://38sp.co.jp,200,,False,False,False,False,False,False
5245855,http://373osaka.jp,200,https://373osaka.jp/,False,False,False,False,False,False
4670346,http://373-s.com/,200,https://373-s.com/,False,False,False,False,False,False
1692041,http://385-59.com/,200,,False,False,False,False,False,False
1731432,http://390.co.jp/,200,,False,False,False,False,False,False
4389937,http://384yamanoyu.jp,200,https://384yamanoyu.jp/,False,False,True,False,False,False
4802241,http://373k.jp/,200,https://373k.jp/,False,False,False,False,False,False
2976729,http://3886.jp/,200,,False,False,True,False,True,False
3370921,http://39kasei.co.jp,200,,False,False,False,False,False,False
445330,http://39m.co.jp/,403,,False,False,False,False,False,False
3514944,http://3a-company.jp/index.html,200,,False,False,False,False,False,False
4744251,http://39stars.jp,200,,False,False,False,False,False,False
243454,http://39kureyon.com?,200,http://39kureyon.com,False,False,False,False,False,False
3077884,http://373kz.com,200,https://www.373kz.com/,False,False,True,False,False,False
4537653,http://39moba.com/secdom/,200,,False,False,False,False,False,False
528772,http://38shinkumi.jp,200,http://www.38shinkumi.jp/,False,False,False,False,False,False
1671590,http://39asset.co.jp,200,https://www.39asset.co.jp/,False,False,True,False,True,False
2195791,http://39hagiwara.jp,200,https://39hagiwara.jp/,False,False,False,False,False,False
616678,http://3ace-nexus.co.jp,200,,False,False,False,False,False,False
3593955,http://3c-labo.com,200,,False,False,False,False,False,False
265115,http://39mg.com,200,https://39mg.com/,False,False,True,False,True,False
3001402,http://39ra.co.jp/,200,https://39ra.co.jp/,False,False,False,False,False,False
643048,http://3aco.jp/,200,,False,False,False,False,False,False
1624572,http://3c-s.jp/index.php,200,,False,False,True,False,False,False
4547880,http://3b-lab.jp/,200,https://3b-lab.jp/,False,False,False,False,False,False
3680803,http://3act-osaka.jp,200,https://3act-osaka.jp/,False,False,True,False,True,False
2789065,http://3bitcom.jp,200,https://3bitcom.jp/,False,False,True,False,True,False
5235281,http://3bangai.com,403,,False,False,False,False,False,False
762018,http://3circle.jp,200,http://www.3circle.jp/,False,False,False,False,False,False
855330,http://3concier.com,200,,False,False,False,False,False,False
3483403,http://3ca.co.jp/,200,https://www.3ca.co.jp/,False,False,True,False,False,False
1648676,http://3c-3cs.com,200,https://3c-3cs.com/,False,False,True,False,False,False
1949909,http://3d2.gmobb.jp/dcm3xa8qeowap/kisaku/index.html,404,,False,False,False,False,False,False
555098,http://3den.co.jp/,200,,False,False,False,False,False,False
4001763,http://3gger.jp/index.html,200,,False,False,False,False,False,False
1498239,http://3es.co.jp,200,,False,False,False,False,False,False
4091174,http://3ci.co.jp,200,https://www.3ci.co.jp/,False,False,False,False,False,False
1730260,http://3dweb.co.jp,200,https://3dweb.co.jp/,False,False,False,False,False,False
4082715,http://3d-excell.co.jp/,200,https://www.3d-excell.com/jp/,False,False,True,False,True,False
1761428,http://3d-matrix.co.jp/index.html,200,https://www.3d-matrix.co.jp/index.html,False,False,True,False,False,False
1308914,http://3corp.co.jp/mt/,200,https://3corp.co.jp/,False,False,True,False,False,False
1123371,http://3eee.co.jp,200,https://3eee.co.jp/,False,False,True,False,False,False
1161436,http://3dプリンター.jp,200,http://xn--3d-zi4a0d6d7b6c.jp,False,False,True,False,True,False
3257976,http://3ei-kk.com/ps/,500,,False,False,False,False,False,False
1282643,http://3fuku.com,200,https://3fuku.com/,False,False,True,False,False,False
3189055,http://3health.jp,200,https://3health.jp/,False,False,False,False,False,False
4481187,http://3maru.co.jp/mitsumarukagaku.htm,404,,False,False,False,False,False,False
4551665,http://3kasa.com,200,,False,False,False,False,False,False
578898,http://3mo.co.jp,200,,False,False,False,False,False,False
153720,http://3mmm.jp,200,,False,False,False,False,False,False
2276467,http://3moto.co.jp/,403,,False,False,False,False,False,False
1846990,http://3plans.com/index.html,200,,False,False,False,False,False,False
3764712,http://3r-hc.jp,200,,False,False,False,False,False,False
280753,http://3ki.co.jp,200,,False,False,False,False,False,False
465215,http://3r-beppu.jp,200,,False,False,False,False,False,False
4730868,http://3r-links.jp,403,,False,False,False,False,False,False
1569894,http://3heart.jp,200,https://3heart.jp/,False,False,False,False,False,False
298462,http://3kyodenki.com/,200,https://3kyodenki.com/,False,False,True,False,False,False
725354,http://3fields.co.jp/,200,https://www.3fields.co.jp/,False,False,False,False,False,False
3323909,http://3mori.co.jp/,200,https://3mori.co.jp/,False,False,True,False,True,False
2770310,http://3kosha.co.jp/,200,https://3kosha.co.jp/,False,False,False,False,False,False
156159,http://3r777.com,200,,False,False,False,False,False,False
2976491,http://3rdeye.co.jp/,200,,False,False,False,False,False,False
1162082,http://3rdpty.co.jp,200,,False,False,False,False,False,False
912232,http://3rd-eye.co.jp,200,http://www.3rd-eye.co.jp/,False,False,True,False,False,False
5188296,http://3ke.jp/,200,https://www.3ke.jp/,False,False,False,False,False,False
1487392,http://3rds.jp/,403,,False,False,False,False,False,False
2480721,http://3pts.jp,200,https://www.3pts.jp/,False,False,False,False,False,False
618384,http://3risehome.jp,404,,False,False,False,False,False,False
5181729,http://3rd-planet.jp/corporate/,200,,False,False,True,False,False,False
2322935,http://3rd-inc.com/#home,200,http://3rd-inc.com/,False,False,False,False,False,False
2939236,http://3raku.co.jp/,200,https://www.3raku.co.jp/,False,False,True,False,True,False
3970095,http://3riku-aji.com,200,https://3riku-aji.com/,False,False,False,False,False,False
1769711,http://3s-r.jp,200,https://3s-r.jp/,False,False,False,False,False,False
4984743,http://3peace-h.com/,200,https://3peace-h.com/,False,False,True,False,True,False
3611333,http://3rd-culture.com/,200,https://3rd-culture.com/,False,False,False,False,False,False
4141813,http://3shikai.org,200,,False,False,False,False,False,False
5112716,http://3rise-group.com/,200,https://3rise-group.com/,False,False,True,False,False,False
2995602,http://3rise.co.jp,503,,False,False,False,False,False,False
4197108,http://3s-inc.co.jp,200,,False,False,False,False,False,False
764237,http://3s-sanesu.co.jp/index,404,,False,False,False,False,False,False
1635852,http://3rd-inc.jp,200,https://3rd-inc.jp/,False,False,True,False,False,False
597311,http://3sfoods.co.jp/index.html,404,,False,False,False,False,False,False
4776642,http://3three-s.co.jp,200,,False,False,False,False,False,False
1360436,http://3torio.com/,403,,False,False,False,False,False,False
743191,http://3uad.com/,200,,False,False,False,False,False,False
3624138,http://3starz-group.jp,403,,False,False,False,False,False,False
1066922,http://3vs.co.jp/nds/test/index.html,200,,False,False,False,False,False,False
346143,http://3yoh.co.jp,200,,True,False,False,False,False,False
757354,http://3up.co.jp/,200,,False,False,False,False,False,False
182971,http://3sei.co.jp,200,https://3sei.co.jp/,False,False,False,False,False,False
2761073,http://3wood.co.jp/,200,http://www.3wood.co.jp/,False,False,False,False,False,False
1358607,http://4-c.co.jp/service.html,200,,False,False,False,False,False,False
1735804,http://4-clover.co.jp,200,,False,False,False,False,False,False
1345135,http://4-clover.tokyo,200,,False,False,False,False,False,False
2154348,http://3system.co.jp/,200,https://3system.co.jp/,False,False,False,False,False,False
4005144,http://3techno.co.jp,200,http://www.3techno.co.jp/,False,False,False,False,False,False
5429408,http://3ubb.co.jp/,200,https://3ubb.co.jp/,False,False,False,False,False,False
1668967,http://3vvv.co.jp,200,https://www.3vvv.co.jp/,False,False,False,False,False,False
1309933,http://4-fusion.jp,200,,False,False,False,False,False,False
690366,http://3x7.jp/index.php,200,http://3x7.jp/,False,False,False,False,False,False
1894355,http://3yoshi.jp/,200,https://3yoshi.jp/,False,False,False,False,False,False
3494446,http://3you-yuka.com/,403,,False,False,False,False,False,False
836755,http://3ze.jp,200,http://www.3ze.jp/,False,False,False,False,False,False
2174222,http://40010kosha.com/main/,200,,False,False,False,False,False,False
5297474,http://3tai.co.jp/,200,https://www.3tai.co.jp/,False,False,True,False,False,False
5237974,http://4189.co.jp,200,,False,False,False,False,False,False
3389492,http://4147kyouritu.com/,200,,False,False,False,False,False,False
5090122,http://4118.net/,200,,False,False,False,False,False,False
5784447,http://418.ch/,200,,False,False,True,False,False,False
4465879,http://41home.jp?,200,http://41home.jp,False,False,False,False,False,False
731359,http://41co.com,200,,False,False,False,False,False,False
4231100,http://4129-aikawa.co.jp,200,https://4129-aikawa.co.jp/,False,False,False,False,False,False
1232774,http://403.iinaa.net/,200,https://shiomi-home.co.jp/,False,False,True,False,True,False
2357256,http://42c.jp/,200,,False,False,False,False,False,False
436133,http://4401.co.jp,200,,False,False,False,False,False,False
4315892,http://418dental-abe.com?,200,https://418dental-abe.com/,False,False,True,False,False,False
560459,http://4169.com,200,https://4169.tokyo/,False,False,False,False,False,False
1240264,http://415gr.com/,200,https://www.415gr.com/,False,False,False,False,False,False
2857869,http://43z21.com,200,https://shimizushinsei.com/,False,False,False,False,False,False
3367731,http://440.co.jp/yoshio/index.html?,404,,False,False,False,False,False,False
4598008,http://458speciale.co.jp,200,,False,False,False,False,False,False
1453168,http://4432.co.jp/,200,https://4432.co.jp/,False,False,True,False,False,False
5031012,http://43z.co.jp/index.htm,404,,False,False,False,False,False,False
313580,http://41sake.com/,200,https://41sake.com/,False,False,True,False,True,False
1104667,http://441930.jp/,200,https://441930.jp/,False,False,False,False,False,False
1180089,http://4ce.co.jp/,403,,False,False,False,False,False,False
4810904,http://4build-hoyu.com/,200,,False,False,True,False,False,False
643951,http://47network.jp,200,,False,False,False,False,False,False
1877383,http://4776.pr.arena.ne.jp,200,,False,False,False,False,False,False
4948209,http://451.co.jp/index.htm,404,,False,False,False,False,False,False
3408959,http://459360.jp,200,https://heart-reach.co.jp/,False,False,False,False,False,False
525702,http://46sekisho.jp,200,http://www.46sekisho.jp/,False,False,False,False,False,False
4067844,http://49inc.jp,200,https://49inc.jp/,False,False,False,False,False,False
4592215,http://4dm.co.jp/,403,,False,False,False,False,False,False
599431,http://48tech.co.jp/,200,http://www.48tech.co.jp/,False,False,False,False,False,False
1298650,http://45corporation.com/,200,http://www70.45corporation.com/,False,False,False,False,False,False
1130919,http://4510navi.jp,522,,False,False,False,False,False,False
5251163,http://47planning.jp,200,https://47planning.jp/,False,False,False,False,False,False
613129,http://4dd.jp/,200,https://www.4digit.com/,False,False,False,False,False,False
4705195,http://4hikinoneko.net?,200,http://4hikinoneko.net,False,False,False,False,False,False
269413,http://4d-sensor.com,200,http://ww7.4d-sensor.com/?usid=15&utid=33356061736,False,False,False,True,False,False
4901153,http://4foglio.com/,200,,False,False,False,False,False,False
1853259,http://4dbrain.com/,200,http://www.4dbrain.com/,False,False,False,False,False,False
5090144,http://4e-partners.co.jp,200,,False,False,False,False,False,False
2912062,http://4leaf.co.jp/,200,,False,False,True,False,False,False
4072699,http://4sight.jp/,200,,False,False,False,False,False,False
1581337,http://4r-plus.com/company,404,,False,False,False,False,False,False
16634,http://4ka.net/html/organization.htm,200,https://www.4ka.net/html/organization.htm,False,False,False,False,False,False
3496033,http://4ms.co.jp,200,https://4ms.co.jp/,False,False,False,False,False,False
489325,http://4t-kaken.com,200,,False,False,False,False,False,False
5377879,http://5.hp-ez.com/hp/cyu-ru/page1,403,,False,False,False,False,False,False
4616068,http://4usol.com,200,,False,False,False,False,False,False
2496469,http://4e-must.com,200,http://ww1.4e-must.com/?usid=15&utid=33356074185,False,False,False,False,False,False
4605308,http://4peace.co.jp,200,https://www.4peace.co.jp/,False,False,True,False,False,False
4642641,http://500600.co.jp/,403,,False,False,False,False,False,False
2987255,http://500111.com/index.html,200,,False,False,False,False,False,False
2903252,http://5040.jp,200,,False,False,False,False,False,False
3206292,http://5-relax.com/,200,https://5-relax.com/,False,False,False,False,False,False
2973307,http://5100.biz,200,,False,False,False,False,False,False
444868,http://500-8107.com/,200,https://exceltree.co.jp/,False,False,True,False,False,False
3458278,http://4sense.co.jp,200,https://www.4sense.co.jp/,False,False,True,False,False,False
4513598,http://5108.co.jp/,200,https://5108.co.jp/,False,False,False,False,False,False
